{"cameraMode":{"drawMode":0,"name":"Shaded","section":"Shading Mode"},"sceneLighting":true,"audioPlay":false,"sceneViewState":{"m_AlwaysRefresh":false,"showFog":true,"showSkybox":true,"showFlares":true,"showImageEffects":true,"showParticleSystems":true,"showVisualEffectGraphs":true,"m_FxEnabled":true},"in2DMode":false,"pivot":{"x":-1.2556226253509522,"y":1.4957807064056397,"z":-135.5460968017578},"rotation":{"x":0.23651359975337983,"y":-0.02192338928580284,"z":0.005118142813444138,"w":0.9714677929878235},"size":11.603407859802246,"orthographic":false}