{"cameraMode":{"drawMode":0,"name":"Shaded","section":"Shading Mode"},"sceneLighting":false,"audioPlay":false,"sceneViewState":{"m_AlwaysRefresh":false,"showFog":true,"showSkybox":false,"showFlares":true,"showImageEffects":true,"showParticleSystems":true,"showVisualEffectGraphs":true,"m_FxEnabled":true},"in2DMode":false,"pivot":{"x":0.6000000238418579,"y":46.29999923706055,"z":-21.100000381469728},"rotation":{"x":0.39431852102279665,"y":-0.0013721117284148932,"z":0.0006155538139864802,"w":0.9190147519111633},"size":0.8660253882408142,"orthographic":false}